<!--

	logFlag is an Enumeration of HEADER_ONLY, HEADER_AND_PAYLOAD, NO_LOG
 
-->
<lc:logConfig layer="ALSB" xmlns:lc="http://soa.o2.co.uk/config/LogConfig">	
	
	<lc:service name="Hello_1_1">

		<lc:operation name="testFault">
			<lc:eventConfig>
				<lc:eventList>
					<event>ENTRY</event>
					<event>EXIT</event>
					<event>BRANCH</event>
					<event>OUTBOUND</event>
					<event>INBOUND</event>
					<event>OTHER</event>
				</lc:eventList>
				<lc:logFlag>HEADER_ONLY</lc:logFlag>
			</lc:eventConfig>

			<lc:eventConfig>
				<lc:eventList>
					<event>BEGIN</event>
					<event>END</event>
				</lc:eventList>
				<lc:logFlag>HEADER_AND_PAYLOAD</lc:logFlag>
			</lc:eventConfig>			
		</lc:operation>
		
		<lc:operation name="testHello">
			<lc:eventConfig>
				<lc:eventList>
					<event>ENTRY</event>
					<event>EXIT</event>
					<event>BRANCH</event>
					<event>OUTBOUND</event>
					<event>INBOUND</event>
					<event>OTHER</event>
				</lc:eventList>
				<lc:logFlag>HEADER_ONLY</lc:logFlag>
			</lc:eventConfig>

			<lc:eventConfig>
				<lc:eventList>
					<event>BEGIN</event>
					<event>END</event>
				</lc:eventList>
				<lc:logFlag>HEADER_AND_PAYLOAD</lc:logFlag>
			</lc:eventConfig>		
		</lc:operation>
		
	</lc:service>
	
</lc:logConfig>
